-- MySQL dump 10.13  Distrib 8.0.38, for Win64 (x86_64)
--
-- Host: localhost    Database: engtech_mock
-- ------------------------------------------------------
-- Server version	8.0.37

/*!40101 SET @OLD_CHARACTER_SET_CLIENT=@@CHARACTER_SET_CLIENT */;
/*!40101 SET @OLD_CHARACTER_SET_RESULTS=@@CHARACTER_SET_RESULTS */;
/*!40101 SET @OLD_COLLATION_CONNECTION=@@COLLATION_CONNECTION */;
/*!50503 SET NAMES utf8 */;
/*!40103 SET @OLD_TIME_ZONE=@@TIME_ZONE */;
/*!40103 SET TIME_ZONE='+00:00' */;
/*!40014 SET @OLD_UNIQUE_CHECKS=@@UNIQUE_CHECKS, UNIQUE_CHECKS=0 */;
/*!40014 SET @OLD_FOREIGN_KEY_CHECKS=@@FOREIGN_KEY_CHECKS, FOREIGN_KEY_CHECKS=0 */;
/*!40101 SET @OLD_SQL_MODE=@@SQL_MODE, SQL_MODE='NO_AUTO_VALUE_ON_ZERO' */;
/*!40111 SET @OLD_SQL_NOTES=@@SQL_NOTES, SQL_NOTES=0 */;

--
-- Table structure for table `chapas`
--

DROP TABLE IF EXISTS `chapas`;
/*!40101 SET @saved_cs_client     = @@character_set_client */;
/*!50503 SET character_set_client = utf8mb4 */;
CREATE TABLE `chapas` (
  `cha_id` int NOT NULL AUTO_INCREMENT,
  `cha_codigo` int DEFAULT NULL,
  `cha_nome` varchar(180) DEFAULT NULL,
  `cha_comprimento` int DEFAULT NULL,
  `cha_altura` int DEFAULT NULL,
  `cha_espessura` decimal(5,2) DEFAULT NULL,
  `mat_id` int DEFAULT NULL,
  `cha_data_hora_criacao` timestamp NOT NULL DEFAULT CURRENT_TIMESTAMP,
  `cha_data_hora_atualizacao` timestamp NOT NULL DEFAULT CURRENT_TIMESTAMP ON UPDATE CURRENT_TIMESTAMP,
  PRIMARY KEY (`cha_id`),
  UNIQUE KEY `cha_codigo` (`cha_codigo`),
  UNIQUE KEY `cha_nome` (`cha_nome`),
  KEY `fk_chapas_materiais` (`mat_id`),
  CONSTRAINT `fk_chapas_materiais` FOREIGN KEY (`mat_id`) REFERENCES `materiais` (`mat_id`)
) ENGINE=InnoDB AUTO_INCREMENT=81 DEFAULT CHARSET=utf8mb3;
/*!40101 SET character_set_client = @saved_cs_client */;

--
-- Dumping data for table `chapas`
--

LOCK TABLES `chapas` WRITE;
/*!40000 ALTER TABLE `chapas` DISABLE KEYS */;
INSERT INTO `chapas` VALUES (20,35594,'CHAPA INOX 304 0,8 X 1040 X 1630MM DIN 1.4301',1630,1040,0.80,1,'2024-09-04 16:13:41','2024-09-04 16:13:41'),(21,35595,'CHAPA INOX 304 0,8 X 1040 X 2390MM DIN 1.4301',2390,1040,0.80,1,'2024-09-04 16:14:48','2024-09-04 16:14:48'),(22,35596,'CHAPA INOX 304 0,8 X 1040 X 2680MM DIN 1.4301',2680,1040,0.80,1,'2024-09-04 16:15:06','2024-09-04 16:15:06'),(23,35597,'CHAPA INOX 304 0,8 X 1040 X 2900MM DIN 1.4301',2900,1040,0.80,1,'2024-09-04 16:15:29','2024-09-04 16:15:29'),(24,380526,'CHAPA INOX 304 0,8 X 1240 X 1650MM DIN 1.4301',1650,1240,0.80,1,'2024-09-04 16:15:47','2024-09-04 16:15:47'),(25,380527,'CHAPA INOX 304 0,8 X 1240 X 2390MM DIN 1.4301',2390,1240,0.80,1,'2024-09-04 16:16:06','2024-09-04 16:16:06'),(26,35598,'CHAPA INOX 304 0,8 X 1240 X 3000MM DIN 1.4301',3000,1240,0.80,1,'2024-09-04 16:16:25','2024-09-04 16:16:25'),(27,35599,'CHAPA INOX 304 1,20 X 1040 X 2330MM DIN 1.4301',2330,1040,1.20,1,'2024-09-04 16:17:14','2024-09-04 16:17:14'),(28,35601,'CHAPA INOX 304 1,20 X 1040 X 2910MM DIN 1.4301',2910,1040,1.20,1,'2024-09-04 16:19:26','2024-09-04 16:19:26'),(29,35603,'CHAPA INOX 304 1,20 X 1240 X 1850MM DIN 1.4301',1850,1240,1.20,1,'2024-09-04 16:19:42','2024-09-04 16:19:42'),(30,35604,'CHAPA INOX 304 1,20 X 1240 X 2400MM DIN 1.4301',2400,1240,1.20,1,'2024-09-04 16:19:59','2024-09-04 16:19:59'),(31,35605,'CHAPA INOX 304 1,20 X 1240 X 2700MM DIN 1.4301',2700,1240,1.20,1,'2024-09-04 16:20:17','2024-09-04 16:20:17'),(32,35607,'CHAPA INOX 304 1,20 X 1240 X 3000MM DIN 1.4301',3000,1240,1.20,1,'2024-09-04 16:20:33','2024-09-04 16:20:33'),(33,35608,'CHAPA INOX 304 1,50 X 1040 X 2200MM DIN 1.4301',2200,1040,1.50,1,'2024-09-04 16:20:48','2024-09-04 16:20:48'),(34,35609,'CHAPA INOX 304 1,50 X 1240 X 2013MM DIN 1.4301',2013,1240,1.50,1,'2024-09-04 16:21:12','2024-09-04 16:21:12'),(35,35610,'CHAPA INOX 304 1,50 X 1240 X 2325MM DIN 1.4301',2325,1240,1.50,1,'2024-09-04 16:21:33','2024-09-04 16:21:33'),(36,35611,'CHAPA INOX 304 1,50 X 1240 X 3000MM DIN 1.4301',3000,1240,1.50,1,'2024-09-04 16:21:49','2024-09-04 16:21:49'),(37,35652,'CHAPA INOX 304 2 X 1000 X 1240MM DIN 1.4301',1240,1000,2.00,1,'2024-09-04 16:22:22','2024-09-04 16:22:22'),(38,35612,'CHAPA INOX 304 2 X 1240 X 3000MM DIN 1.4301',3000,1240,2.00,1,'2024-09-04 16:22:48','2024-09-04 16:22:48'),(39,35651,'CHAPA INOX 304 4 X 1000 X 1240MM DIN 1.4301',1240,1000,4.00,1,'2024-09-04 16:23:06','2024-09-04 16:23:06'),(40,35613,'CHAPA INOX 304 4 X 1240 X 3000MM DIN 1.4301',3000,1240,4.00,1,'2024-09-04 16:23:25','2024-09-04 16:23:25'),(41,384118,'CHAPA ZINCADA 0,50 X 1200 X 3000MM NBR-7008 ZC 275 NL',3000,1200,0.50,2,'2024-09-04 16:26:06','2024-09-04 16:26:06'),(42,39441,'CHAPA ZINCADA 0,95 X 1000 X 1630MM NBR-7008 ZC 275 NL',1630,1000,0.95,2,'2024-09-04 16:26:34','2024-09-04 16:26:34'),(43,39439,'CHAPA ZINCADA 0,95 X 1000 X 1690MM NBR-7008 ZC 275 NL',1690,1000,0.95,2,'2024-09-04 16:26:59','2024-09-04 16:26:59'),(44,39433,'CHAPA ZINCADA 0,95 X 1000 X 2010MM NBR-7008 ZC 275 NL',2010,1000,0.95,2,'2024-09-04 16:27:22','2024-09-04 16:27:22'),(45,39431,'CHAPA ZINCADA 0,95 X 1000 X 2420MM NBR-7008 ZC 275 NL',2420,1000,0.95,2,'2024-09-04 16:27:40','2024-09-04 16:27:40'),(46,39421,'CHAPA ZINCADA 0,95 X 1000 X 3000MM NBR-7008 ZC 275 NL',3000,1000,0.95,2,'2024-09-04 16:27:58','2024-09-04 16:27:58'),(47,39413,'CHAPA ZINCADA 0,95 X 1200 X 2100MM NBR-7008 ZC 275 NL',2100,1200,0.95,2,'2024-09-04 16:28:15','2024-09-04 16:28:15'),(48,39400,'CHAPA ZINCADA 0,95 X 1200 X 2625MM NBR-7008 ZC 275 NL',2625,1200,0.95,2,'2024-09-04 16:28:33','2024-09-04 16:28:33'),(49,39398,'CHAPA ZINCADA 0,95 X 1200 X 2781MM NBR-7008 ZC 275 NL',2781,1200,0.95,2,'2024-09-04 16:29:05','2024-09-05 17:22:35'),(50,39404,'CHAPA ZINCADA 0,95 X 1200 X 3000MM NBR-7008 ZC 275 NL',3000,1200,0.95,2,'2024-09-04 16:29:23','2024-09-04 16:29:23'),(51,39429,'CHAPA ZINCADA 0,95 X 1500 X 2898MM NBR-7008 ZC 275 NL',2898,1500,0.95,2,'2024-09-04 16:30:25','2024-09-04 16:30:25'),(52,39484,'CHAPA ZINCADA 1,25 X 1000 X 2610MM NBR-7008 ZC 275 NL',2610,1000,1.25,2,'2024-09-04 16:30:47','2024-09-04 16:30:47'),(53,39486,'CHAPA ZINCADA 1,25 X 1000 X 3300MM NBR-7008 ZC 275 NL',3300,1000,1.25,2,'2024-09-04 16:31:06','2024-09-04 16:31:06'),(54,39481,'CHAPA ZINCADA 1,25 X 1200 X 1575MM NBR-7008 ZC 275 NL',1575,1200,1.25,2,'2024-09-04 16:31:27','2024-09-04 16:31:27'),(55,39470,'CHAPA ZINCADA 1,25 X 1200 X 1675MM NBR-7008 ZC 275 NL',1675,1200,1.25,2,'2024-09-04 16:31:45','2024-09-04 16:31:45'),(56,39463,'CHAPA ZINCADA 1,25 X 1200 X 2500MM NBR-7008 ZC 275 NL',2500,1200,1.25,2,'2024-09-04 16:32:02','2024-09-04 16:32:02'),(57,39462,'CHAPA ZINCADA 1,25 X 1200 X 2860MM NBR-7008 ZC 275 NL',2860,1200,1.25,2,'2024-09-04 16:32:17','2024-09-04 16:32:17'),(58,39447,'CHAPA ZINCADA 1,25 X 1200 X 3000MM NBR-7008 ZC 275 NL',3000,1200,1.25,2,'2024-09-04 16:32:34','2024-09-04 16:32:34'),(59,39452,'CHAPA ZINCADA 1,25 X 1200 X 3070MM NBR-7008 ZC 275 NL',3070,1200,1.25,2,'2024-09-04 16:32:50','2024-09-04 16:32:50'),(60,384814,'CHAPA ZINCADA 1,55 X 1200 X 3000MM NBR-7008 ZC 275 NL',3000,1200,1.55,2,'2024-09-04 16:33:20','2024-09-04 16:33:20'),(61,39261,'CHAPA ZINCADA 1,95 X 1000 X 1670MM NBR-7008 ZC 275 NL',1670,1000,1.95,2,'2024-09-04 16:33:46','2024-09-04 16:33:46'),(62,39293,'CHAPA ZINCADA 1,95 X 1000 X 2870MM NBR-7008 ZC 275 NL',2870,1000,1.95,2,'2024-09-04 16:34:04','2024-09-04 16:34:04'),(63,39270,'CHAPA ZINCADA 1,95 X 1000 X 3000MM NBR-7008 ZC 275 NL',3000,1000,1.95,2,'2024-09-04 16:34:22','2024-09-04 16:34:22'),(64,39292,'CHAPA ZINCADA 1,95 X 1000 X 3180MM NBR-7008 ZC 275 NL',3180,1000,1.95,2,'2024-09-04 16:34:43','2024-09-04 16:34:43'),(65,39253,'CHAPA ZINCADA 1,95 X 1200 X 1700MM NBR-7008 ZC 275 NL',1700,1200,1.95,2,'2024-09-04 16:35:02','2024-09-04 16:35:02'),(66,39295,'CHAPA ZINCADA 1,95 X 1200 X 2010MM NBR-7008 ZC 275 NL',2010,1200,1.95,2,'2024-09-04 16:35:40','2024-09-04 16:35:40'),(67,39245,'CHAPA ZINCADA 1,95 X 1200 X 2420MM NBR-7008 ZC 275 NL',2420,1200,1.95,2,'2024-09-04 16:35:59','2024-09-04 16:35:59'),(68,39139,'CHAPA ZINCADA 2,70 X 1200 X 2000MM NBR-7008 ZC 275 NL',2000,1200,2.70,2,'2024-09-04 16:36:16','2024-09-04 16:36:16'),(69,39131,'CHAPA ZINCADA 2,70 X 1200 X 3600MM NBR-7008 ZC 275 NL',3600,1200,2.70,2,'2024-09-04 16:36:32','2024-09-04 16:36:32'),(70,39129,'CHAPA ZINCADA 2,70 X 1200 X 4000MM NBR-7008 ZC 275 NL',4000,1200,2.70,2,'2024-09-04 16:36:48','2024-09-04 16:36:48'),(71,36040,'CHAPA FINA A QUENTE 3,00 X 1200 X 3000MM NBR 6658',3000,1200,3.00,3,'2024-09-04 16:41:55','2024-09-04 16:41:55'),(72,37235,'CHAPA FINA A QUENTE 7,94 X 1200 X 3000MM ASTM A 36',3000,1200,7.94,3,'2024-09-04 16:43:05','2024-09-04 16:43:05'),(73,39512,'CHAPA FINA A QUENTE 2,00 X 1200 X 3000MM NBR 6658',3000,1200,2.00,3,'2024-09-04 16:43:26','2024-09-04 16:43:26'),(74,382416,'CHAPA FINA A QUENTE 4,75 X 1000 X 1200MM ASTM A 36',1200,1000,4.75,3,'2024-09-04 16:43:53','2024-09-04 16:43:53'),(75,382417,'CHAPA FINA A QUENTE 6,35 X 1200 X 3000MM ASTM A 36',3000,1200,6.35,3,'2024-09-04 16:44:12','2024-09-04 16:44:12'),(76,382418,'CHAPA FINA A QUENTE 12,70 X 1200 X 3000MM ASTM A 36',3000,1200,12.70,3,'2024-09-04 16:44:29','2024-09-04 16:44:29'),(77,382419,'CHAPA FINA A QUENTE 6,35 X 1000 X 1200MM ASTM A 36',1200,1000,6.35,3,'2024-09-04 16:44:44','2024-09-04 16:44:44'),(78,382420,'CHAPA FINA A QUENTE 12,70 X 1000 X 1200MM ASTM A 36',1200,1000,12.70,3,'2024-09-04 16:45:10','2024-09-04 16:45:10'),(79,384450,'CHAPA FINA A QUENTE 4,75 X 1200 X 3000MM ASTM A 36',3000,1200,4.75,3,'2024-09-04 16:45:26','2024-09-04 16:45:26'),(80,384778,'CHAPA FINA A QUENTE 1,20 X 1200 X 3000MM NBR 6658',3000,1200,1.20,3,'2024-09-04 16:45:43','2024-09-04 16:45:43');
/*!40000 ALTER TABLE `chapas` ENABLE KEYS */;
UNLOCK TABLES;

--
-- Table structure for table `materiais`
--

DROP TABLE IF EXISTS `materiais`;
/*!40101 SET @saved_cs_client     = @@character_set_client */;
/*!50503 SET character_set_client = utf8mb4 */;
CREATE TABLE `materiais` (
  `mat_id` int NOT NULL AUTO_INCREMENT,
  `mat_nome` varchar(50) DEFAULT NULL,
  `mat_fator_densidade` decimal(6,6) DEFAULT NULL,
  PRIMARY KEY (`mat_id`),
  UNIQUE KEY `mat_nome` (`mat_nome`)
) ENGINE=InnoDB AUTO_INCREMENT=5 DEFAULT CHARSET=utf8mb3;
/*!40101 SET character_set_client = @saved_cs_client */;

--
-- Dumping data for table `materiais`
--

LOCK TABLES `materiais` WRITE;
/*!40000 ALTER TABLE `materiais` DISABLE KEYS */;
INSERT INTO `materiais` VALUES (1,'Inox304',0.008000),(2,'Galvanizado',0.007870),(3,'Chapa Preta',0.007880),(4,'Inox430',0.007700);
/*!40000 ALTER TABLE `materiais` ENABLE KEYS */;
UNLOCK TABLES;

--
-- Table structure for table `tipos_usuarios`
--

DROP TABLE IF EXISTS `tipos_usuarios`;
/*!40101 SET @saved_cs_client     = @@character_set_client */;
/*!50503 SET character_set_client = utf8mb4 */;
CREATE TABLE `tipos_usuarios` (
  `tpu_id` int NOT NULL AUTO_INCREMENT,
  `tpu_nome` varchar(255) NOT NULL,
  PRIMARY KEY (`tpu_id`)
) ENGINE=InnoDB AUTO_INCREMENT=3 DEFAULT CHARSET=utf8mb3;
/*!40101 SET character_set_client = @saved_cs_client */;

--
-- Dumping data for table `tipos_usuarios`
--

LOCK TABLES `tipos_usuarios` WRITE;
/*!40000 ALTER TABLE `tipos_usuarios` DISABLE KEYS */;
INSERT INTO `tipos_usuarios` VALUES (1,'admin'),(2,'membro');
/*!40000 ALTER TABLE `tipos_usuarios` ENABLE KEYS */;
UNLOCK TABLES;

--
-- Table structure for table `usuarios`
--

DROP TABLE IF EXISTS `usuarios`;
/*!40101 SET @saved_cs_client     = @@character_set_client */;
/*!50503 SET character_set_client = utf8mb4 */;
CREATE TABLE `usuarios` (
  `usu_id` int NOT NULL AUTO_INCREMENT,
  `usu_nome` varchar(80) NOT NULL,
  `usu_email` varchar(120) NOT NULL,
  `usu_data_hora_cadastro` timestamp NOT NULL DEFAULT CURRENT_TIMESTAMP,
  `usu_senha` varchar(255) NOT NULL,
  `usu_situacao` enum('Ativo','Inativo') NOT NULL DEFAULT 'Ativo',
  `tpu_id` int NOT NULL,
  PRIMARY KEY (`usu_id`),
  UNIQUE KEY `usu_email` (`usu_email`),
  UNIQUE KEY `usu_nome` (`usu_nome`),
  KEY `fk_tpu_id` (`tpu_id`),
  CONSTRAINT `fk_tpu_id` FOREIGN KEY (`tpu_id`) REFERENCES `tipos_usuarios` (`tpu_id`)
) ENGINE=InnoDB AUTO_INCREMENT=18 DEFAULT CHARSET=utf8mb3;
/*!40101 SET character_set_client = @saved_cs_client */;

--
-- Dumping data for table `usuarios`
--

LOCK TABLES `usuarios` WRITE;
/*!40000 ALTER TABLE `usuarios` DISABLE KEYS */;
INSERT INTO `usuarios` VALUES (1,'Usuario Teste','teste@teste.com','2024-08-27 19:01:59','$2b$10$mMZE3tM5ldXGGfFwIm5BRe00KllXOss38r83D9yCaA2SFT4yhV9R.','Ativo',1);
/*!40000 ALTER TABLE `usuarios` ENABLE KEYS */;
UNLOCK TABLES;
/*!40103 SET TIME_ZONE=@OLD_TIME_ZONE */;

/*!40101 SET SQL_MODE=@OLD_SQL_MODE */;
/*!40014 SET FOREIGN_KEY_CHECKS=@OLD_FOREIGN_KEY_CHECKS */;
/*!40014 SET UNIQUE_CHECKS=@OLD_UNIQUE_CHECKS */;
/*!40101 SET CHARACTER_SET_CLIENT=@OLD_CHARACTER_SET_CLIENT */;
/*!40101 SET CHARACTER_SET_RESULTS=@OLD_CHARACTER_SET_RESULTS */;
/*!40101 SET COLLATION_CONNECTION=@OLD_COLLATION_CONNECTION */;
/*!40111 SET SQL_NOTES=@OLD_SQL_NOTES */;

-- Dump completed on 2025-04-16 14:39:34
